{"cameraMode":{"drawMode":0,"name":"Shaded","section":"Shading Mode"},"sceneLighting":false,"audioPlay":false,"sceneViewState":{"showFog":true,"showMaterialUpdate":false,"showSkybox":true,"showFlares":true,"showImageEffects":true,"showParticleSystems":true},"in2DMode":false,"pivot":{"x":-0.000004887580871582031,"y":0.9216156005859375,"z":-0.02201876789331436},"rotation":{"x":0.09126254171133042,"y":0.9021092057228088,"z":-0.23515982925891877,"w":0.350100040435791},"size":4.148590087890625,"orthographic":false}