{"cameraMode":{"drawMode":0,"name":"Shaded","section":"Shading Mode"},"sceneLighting":false,"audioPlay":false,"sceneViewState":{"showFog":true,"showMaterialUpdate":false,"showSkybox":true,"showFlares":true,"showImageEffects":true,"showParticleSystems":true},"in2DMode":false,"pivot":{"x":-2.6736319065093996,"y":-2.0835535526275636,"z":4.3068342208862309},"rotation":{"x":0.19153444468975068,"y":-0.25179383158683779,"z":0.05091297999024391,"w":0.9472709894180298},"size":6.8812127113342289,"orthographic":false}