{"cameraMode":{"drawMode":0,"name":"Shaded","section":"Shading Mode"},"sceneLighting":false,"audioPlay":false,"sceneViewState":{"showFog":true,"showMaterialUpdate":false,"showSkybox":true,"showFlares":true,"showImageEffects":true,"showParticleSystems":true},"in2DMode":false,"pivot":{"x":-4.925849914550781,"y":2.649163246154785,"z":-46.78935623168945},"rotation":{"x":-0.17419523000717164,"y":-0.7127948999404907,"z":0.1903892457485199,"w":-0.6521743535995483},"size":18.494754791259767,"orthographic":false}